id,created_at,text
778987440971341824,2016-09-22 16:00:53,"""This is not PC chit chat. This has to do with a humanistic conviction that keeps track of the possibilities in eac‚Ä¶ https://t.co/CGV94zv560"
778979760844120064,2016-09-22 15:30:22,"Listen to this song: ""I'm voting for Jill Stein. I'm going Green."" Thank you, @drovics. #BreakThe2PartyTrap https://t.co/GnxbhSB1d6"
778972271234969600,2016-09-22 15:00:36,What's happening in #NorthCarolina is devastating. We stand with #BlackLivesMatter and against militarized police. https://t.co/RPrxaJfK7W
778957434870231040,2016-09-22 14:01:39,"About 1,000 police will be outside the debate. Why? Because the two most disliked candidates will be on stage. https://t.co/19WI2cdTyS"
778942269281951745,2016-09-22 13:01:23,Tweet at debates commission member Dorothy Ridings to ask her to do a public vote for #OpenDebates: @LWV and‚Ä¶ https://t.co/ZuW4jHwUFQ
778805097883013120,2016-09-22 03:56:19,Real journalists at @theintercept called out @TheDemocrats's media partisans for spreading lies about our campaign. https://t.co/u1vZmpFnRj
778800078324502529,2016-09-22 03:36:22,"RT @MrBradJames: How can you claim to care, while voting for people who only care about themselves??
Thank you @DrJillStein for having the‚Ä¶"
778776641191284737,2016-09-22 02:03:14,"RT @ajamubaraka: The US cannot continue to kill, steal, drive down wages, wage war, cause mass suffering across the world &amp; claim to the ho‚Ä¶"
778764906526941184,2016-09-22 01:16:37,Many US journalists see it as their duty to defend a corrupt establishment from the opposition - just like Putin's media does in Russia.
778759497615409152,2016-09-22 00:55:07,The Democrats' push to blame and shame millennials for HRC's unpopularity after they blatantly sabotaged the Sanders campaign is ridiculous.
778744452986699777,2016-09-21 23:55:20,RT @MnGreens: Join us as we march to demand the Commission on Presidential @debates include @DrJillStein: https://t.co/rZ9aDTdAp1 #OpenDeba‚Ä¶
778739065181003777,2016-09-21 23:33:56,"Not only do a handful of billionaires rig our economy, they donate to both corporate parties to ensure our political system is rigged too."
778725359462199296,2016-09-21 22:39:28,Hillary has the Bush seal of approval ending any doubt that she is in the New Republican Party. #VoteYourConscience. https://t.co/RkeefPOrSs
778721564258742272,2016-09-21 22:24:23,"In Russia, establishment parties swept parliament largely because the media ignores or marginalizes opposition parties. Sound familiar?"
778717696967880705,2016-09-21 22:09:01,RT @kgosztola: Your vote for @DrJillStein is not a wasted vote: https://t.co/Q6zMBq83v8
778710154539769856,2016-09-21 21:39:03,A badge should not be a license to kill with impunity. #BlackLivesMatter
778702566804762624,2016-09-21 21:08:54,In Richmond CA police violence has been greatly reduced via community policing emphasizing non-violent approaches. #BlackLivesMatter
778700589475635205,2016-09-21 21:01:02,"We stand behind the #BlackLivesMatter movement to end the epidemic of police violence that murders 1000s of Black men, women and children."
778698354779762688,2016-09-21 20:52:09,We call for the urgent implementation of training programs for non-violent approaches to policing. #BlackLivesMatter
778693085471514625,2016-09-21 20:31:13,We can expect lots of #TerribleDebateQuestions because the DNC/RNC-owned @debates commission gets to veto tough questions. #OccupyTheDebates
778690235987136516,2016-09-21 20:19:54,"We must demilitarize police, replace confrontation with de-escalation, &amp; establish community control over law enforcement. #BlackLivesMatter"
778685503189028864,2016-09-21 20:01:05,"This is a human rights crisis, and a moment of reckoning for the soul of our nation. #BlackLivesMatter"
778685356354838528,2016-09-21 20:00:30,We need a Truth and Reconciliation Commission to confront the living legacy of slavery in modern US culture of violence. #BlackLivesMatter
778682241949900801,2016-09-21 19:48:08,We call on Justice Dept to end impunity of police officers who violate our most precious human right - the right to life. #BlackLivesMatter
778672028043714560,2016-09-21 19:07:33,RT @ajamubaraka: Green Party discourse will upend the narrative of US superiority and justice that's why they won't #OpenTheDebates. But th‚Ä¶
778670430462812161,2016-09-21 19:01:12,We must have the courage to face this: The exploitation of Black bodies was built into the fabric of our nation. #KeithLamontScott
778667916115873792,2016-09-21 18:51:12,RT @ajamubaraka: I'd like to know how our streets are safer because of all the unarmed Black men and women who've been murdered by police?‚Ä¶
778665131064561665,2016-09-21 18:40:08,The community response in Charlotte is an understandable expression of anguish &amp; represents the unmet demand for justice. #BlackLivesMatter
778660106519085056,2016-09-21 18:20:10,Our hearts are breaking for Keith Lamont Scott. @ajamubaraka &amp; I say stop the killing. #BlackLivesMatter https://t.co/SwjK9gorob
778655495276167168,2016-09-21 18:01:51,Host a watch party for Friday night's Green Party Town Hall on @FoxBusiness. List your event here:‚Ä¶ https://t.co/dZ7RsTq8lp
778640176285442048,2016-09-21 17:00:59,A badge is not a license to kill with impunity. The Stein/Baraka campaign is committed to ending this daily nightmare. #KeithLamontScott
778632444597731328,2016-09-21 16:30:15,".@RalphNader: A debate between @HillaryClinton + @realDonaldTrump would be ""parallel news conferences."" #OpenDebates https://t.co/dlxRsEqYj5"
778625078506520576,2016-09-21 16:00:59,We call for the urgent implementation of training programs for non-violent approaches to policing. #KeithLamontScott
778610188119048194,2016-09-21 15:01:49,Will you demand #OpenDebates alongside me and @ajamubaraka? Sign up for a bus ride and civil disobedience training: https://t.co/6g7fJqe3L8
778595091325878272,2016-09-21 14:01:50,A grassroots campaign only works when people get involved. Find out what role you can play on our team: https://t.co/4gPZ2xF1km
778580000106831872,2016-09-21 13:01:51,76% of Americans want #OpenDebates! Ask @debates commission co-chairman Frank Fahrenkopf to do a public vote: frank‚Ä¶ https://t.co/Kk9MIpd8Fd
778474550124175360,2016-09-21 06:02:50,"#ThingsHillaryGoogles: ""What is a reddit user #StoneTear?"""
778470759031197697,2016-09-21 05:47:46,"#ThingsHillaryGoogles: ""next best place to sell fracking"", ""where to start a war"", and ""which corporations give the biggest donations?""."
778468021400588288,2016-09-21 05:36:54,"RT @ajamubaraka: Being rewarded as ""patriotic"" for of our compliance with state violence is a reward that we and the world are no longer sa‚Ä¶"
778447837608620032,2016-09-21 04:16:42,When police officers are being actively investigated for a civilian death they should not be rewarded with paid leave or desk-duty.
778443500182306816,2016-09-21 03:59:27,Police forces should always be deeply reviewing personnel records and screening excessive force complaints of transferring officers.
778435496993107969,2016-09-21 03:27:39,"RT @ajamubaraka: This Green movement isn't just about a presidential election, but building power on all levels of gov't. #SteinBaraka2016"
778424355759857664,2016-09-21 02:43:23,Every community needs to be able to appoint dedicated investigators to investigate every death or serious injury at the hands of police.
778420710817398784,2016-09-21 02:28:54,#KeithLamontScott was a human being who was killed today by a plainclothes police officer who was searching for someone else. #ThisHasToStop
778419863639298048,2016-09-21 02:25:32,RT @UniPolitica: .@DrJillStein: los debates representan la tiran√≠a de los partidos Republicano y Dem√≥crata. https://t.co/UMq5bhcVBD https:/‚Ä¶
778409529717301248,2016-09-21 01:44:28,RT @GreenPartyUS: Americans should protest loudly and demand that control over the @debates be taken away from the CPD: https://t.co/BrDUg3‚Ä¶
778401379253571584,2016-09-21 01:12:05,How can we really remove huge barriers to votingüó≥? Make Election Day a national holiday and automatically register all citizens at birth.
778393280966909952,2016-09-21 00:39:54,Trump sought advice from his golf buddy Bill before deciding to run. The Clintons attended Trump's wedding. Our campaign isn't the problem.
778371655676465152,2016-09-20 23:13:58,We can't take a candidate seriously on a pledge to fight climate change if they accept millions from Big Oil &amp; push fracking all over the üåç.
778356915004768256,2016-09-20 22:15:24,"RT @GreenPartyUS: Watch @DrJillStein on @JohnStossel's #GreenParty Town Hall this Friday, 9/23 at 9pmET on @FoxBusiness News on cable tv. #‚Ä¶"
778354406756495362,2016-09-20 22:05:26,"Bernie Sanders' career is a great example of how campaigns dismissed as ""protest votes"" build power for future wins. https://t.co/7ErsoddXou"
778350350092816384,2016-09-20 21:49:19,"People who say voting Green is a ""protest"" are missing the point. We're building a national party for the people that will grow past Nov 8."
778345302629625856,2016-09-20 21:29:15,"When 76% of US want #OpenDebates but DNC/RNC elites only let 2 oligarchs into the debates, we do not live in a democracy. #OccupyTheDebates"
778338022622367744,2016-09-20 21:00:20,".@GovGaryJohnson says the free market will solve climate change. What planet have you been living on, Gary? https://t.co/8h7AtyfQSd"
778333607291080704,2016-09-20 20:42:47,Record low 32% of Americans trust mass media. People are realizing corporate media serves the 1% and their cronies. https://t.co/rAeOyVYJxl
778327911577350144,2016-09-20 20:20:09,The fact that 76% of Americans who want a 4-party debate are being denied shows how political elites control us. Enough. #OccupyTheDebates
778322948184760321,2016-09-20 20:00:26,Ralph Nader has been scapegoated for a stolen election for 16 years. His expert take on establishment propaganda: https://t.co/dlxRsEqYj5
778319103522136064,2016-09-20 19:45:09,"There are many brilliant, well-informed 16 year olds. In the age of climate crisis they should be able to vote on our future."
778319102045749248,2016-09-20 19:45:09,Trump is the symptom. Crony capitalism is the disease. The antidote? Vote for the greater good + build our movement. #ItsInOurHands
778316749427003392,2016-09-20 19:35:48,RT @ajamubaraka: #TerenceCrutcher is indicative of a larger issue: US impunity and the continuation of human rights abuses @ home. #BlackLi‚Ä¶
778315900248174592,2016-09-20 19:32:25,Think @realDonaldTrump cares about the underdog? In 2000 he stood with @GovJVentura to support #OpenDebates w/ 3rd parties. #DonTheCon
778303690369228800,2016-09-20 18:43:54,"When a party tries to shame or bully you into voting for their campaign, that's an abusive political relationship you should walk away from."
778300329213497346,2016-09-20 18:30:33,.@realDonaldTrump advocated for Jesse Ventura to be on the debate stage in 2000. He and @HillaryClinton can ask for #OpenDebates in 2016.
778285230620827650,2016-09-20 17:30:33,"Movements need electoral support. Register to vote w/a peace-loving, climate friendly, truly democratic party: https://t.co/U0pOS2BuWi"
778281365997518848,2016-09-20 17:15:12,#WellsFargo's fraud is the kind of gangsterism that caused the 2008 financial meltdown. Vote for a new way of doing business. #VoteGreen
778277739551916032,2016-09-20 17:00:47,Real talk: Voters deserve to hear from all candidates who are on enough state ballots to win the majority of electoral votes. #OpenDebates
778270121043300352,2016-09-20 16:30:31,"If 16-year-olds can learn to drive a car, they can also learn to participate in civic life by lowering the voting age from 18 to 16."
778262642381168640,2016-09-20 16:00:48,"I'm not a ""protest candidate."" What I am is a voice at this moment in history for a justice movement that has already begun. #ItsInOurHands"
778255021624455168,2016-09-20 15:30:31,".@HillaryClinton: ""Community college tuition should be free."" That's small potatoes. Make all higher ed tuition free + cancel student debt."
778251937884037121,2016-09-20 15:18:15,RT @ajamubaraka: One time for ALL of those taking action #NoDAPL. Collective resistance is the fiber holding together our struggle. #KeepIt‚Ä¶
778247731936694272,2016-09-20 15:01:33,"Here's what I said at @Capital_U in Columbus, Ohio, about the #PowerToThePeoplePlan. Thank you, @OhioGreenParty. https://t.co/PMxTD7rMx3"
778245548302360576,2016-09-20 14:52:52,"RT @ABulletofLight: @HillaryClinton, if you want the millennial vote, stay ahead of a @DrJillStein/@GovGaryJohnson internet debate and let‚Ä¶"
778243816168062976,2016-09-20 14:45:59,"Well, of course the debates are rigged, @realDonaldTrump. Why aren't you a renegade for #OpenDebates like in 2000? https://t.co/gvRuUtA6gt"
778238615289794560,2016-09-20 14:25:19,"RT @RaniaKhalek: If Hillary Clinton wanted young ppl to like her, she shouldn't have spent the last 2 months courting conservative war hawk‚Ä¶"
778238415179505664,2016-09-20 14:24:31,"RT @GreenPartyUS: If you needed any more proof the Democratic Party is the new Republican Party, George HW Bush now says he will vote for H‚Ä¶"
778233035271667713,2016-09-20 14:03:09,"More than 100,000 people demand #OpenDebates. Join them! https://t.co/8c8BBszbv8"
778217535183458304,2016-09-20 13:01:33,Tweet at @GMA + @KaiserFamFound to ask journalist + CPD member Charles Gibson to do a public vote on #OpenDebates! https://t.co/r62IJQ9sl7
778063144665001984,2016-09-20 02:48:04,"RT @ajamubaraka: Democracy 101: Electoral politics should advance people power not further the gap between the rich and poor.
#OpenTheDebat‚Ä¶"
778055853840617472,2016-09-20 02:19:05,The US has more foreign military bases than any nation in history. Meanwhile Americans are going bankrupt from medical costs. #Priorities
778047266296778752,2016-09-20 01:44:58,The baseless assumptions and callousness towards #TerenceCrutcher before he was shot dead are indicative of systematic bias that has to end.
778044100691959808,2016-09-20 01:32:23,"Remember: voting for ""lesser evil"" has gotten you the worst 2 candidates ever. Stop blaming people who are resistin‚Ä¶ https://t.co/JTGo0jFVtW"
778038673702916096,2016-09-20 01:10:49,We need an investigation into the killing of #TerenceCrutcher at the hands of police. #BlackLivesMatter
778014664215056384,2016-09-19 23:35:25,"If it's true that #StoneTear is Clinton's IT specialist Paul Combetta, would that demonstrate intent to destroy evi‚Ä¶ https://t.co/z6laBALWYQ"
778013033754796032,2016-09-19 23:28:56,Shame on the @washingtonpost  for supporting prosecution of their source @Snowden  - after they won a Pulitzer. https://t.co/C4vP8gesUh
778009450288340996,2016-09-19 23:14:42,"RT @ajamubaraka: For this movement to take shape, for people's lives to be impacted in a real way, we need local &amp; nat'l leaders! https://t‚Ä¶"
778002045588606977,2016-09-19 22:45:16,The DNC/RNC-owned @debates commission said no to 76% of Americans who want 4-party debates. Are we going to take that? #OccupyTheDebates
777998253866553344,2016-09-19 22:30:12,I beat Mitt Romney in 2002 debate according to viewer poll. I get why Clinton/Trump don't want to debate me - but shouldn't be their choice.
777997797995917313,2016-09-19 22:28:24,"Yes! Give people something to vote for, not just against. Show them how you'll improve their lives, and they'll gla‚Ä¶ https://t.co/f7BpHXaBcd"
777994462777712640,2016-09-19 22:15:09,"I debated @GovGaryJohnson twice in 2012; you're not afraid of a rematch, are you Gary? #OpenDebates"
777990736960782337,2016-09-19 22:00:20,Why is @GovGaryJohnson backing down on his previous demand that all 4 ballot qualified candidates should be in the debates? #OpenDebates
777986671774085120,2016-09-19 21:44:11,RT @TheRealNews: #GreenParty VP @ajamubaraka on Human Rights Violations in the United States https://t.co/R9ssRsz3Xd https://t.co/j2duIGJKWz
777983324543332357,2016-09-19 21:30:53,"One more time for the outraged pundits: I've never said Clinton is ""worse than"" Trump. Both are terrible candidates for different reasons."
777982204081152000,2016-09-19 21:26:26,Congratulations to @iamjohnoliver &amp; @LastWeekTonight! Good to see someone's continuing the legacy of political comedy that matters. ‚úåüèº
777976082599292928,2016-09-19 21:02:06,"Debate barriers were not designed to remove ""nonviable"" candidates, but to prevent outsiders from becoming viable. https://t.co/77s4djLmpT"
777960533886513153,2016-09-19 20:00:19,"I and @GovGaryJohnson have gotten &lt;1% of media coverage of Clinton/Trump, yet combine for 10-15% of votes. The people deserve #OpenDebates."
777960107564863490,2016-09-19 19:58:38,I disagree on many things @realDonaldTrump &amp; @HillaryClinton agree on. @GovGaryJohnson has his own views. We should debate. #GreenPartyForum
777959682652549122,2016-09-19 19:56:56,The 15% polling requirement for debates actually isn't arbitrary; it's deliberate to keep competition out of the debates. #GreenPartyForum
777959430365192192,2016-09-19 19:55:56,The #GreenNewDeal will pay for itself because we'll save massive amounts on health costs by ending fossil fuel use. #GreenPartyForum
777959092253896704,2016-09-19 19:54:36,"A #GreenNewDeal will create millions of jobs in renewable energy, public transit, sustainable agriculture &amp; conservation. #GreenPartyForum"
777958818315591680,2016-09-19 19:53:30,"Clinton has targets for renewable electricity, but that's only ~30% of total energy use. We need bold action on climate. #GreenPartyForum"
777958541004972032,2016-09-19 19:52:24,"Clinton says she recognizes climate change, but she supports fracking. She clearly won't save us from climate change. #GreenPartyForum"
777958128017039360,2016-09-19 19:50:46,"There are differences between the parties on climate change, but not nearly enough to solve the problem. #GreenPartyForum"
777957793726738433,2016-09-19 19:49:26,"We call for demilitarizing our borders and treating all people, including immigrants, as human beings. #GreenPartyForum"
777957641855180802,2016-09-19 19:48:50,"For immigrants who are already working here, we need to create a welcoming path to citizenship. #GreenPartyForum"
777957409490817024,2016-09-19 19:47:54,"The Democrats' policies of detentions, deportations and night raids violate the human rights of refugees. #GreenPartyForum"
777957117743497216,2016-09-19 19:46:45,"We call for an immediate end to deportations, detentions and night raids of law-abiding immigrants. #GreenPartyForum"
777956882862309376,2016-09-19 19:45:49,US barring Muslims from the country is a terrible idea... but US bombing Muslims in other countries is a terrible reality. #GreenPartyForum
777956544805691392,2016-09-19 19:44:28,We must take concrete steps to show Muslims that America is not their enemy. We start by not bombing their families. #GreenPartyForum
777956307886231552,2016-09-19 19:43:32,Saudi Arabia funds global terrorism and Wahhabist madrasas that recruit for groups like Al Qaeda. With allies like this... #GreenPartyForum
777956102587559936,2016-09-19 19:42:43,"Saudi Arabia commits massive human rights violations in their country and others, especially Yemen. #GreenPartyForum"
777955942386196480,2016-09-19 19:42:05,"We are going to shut down terrorism. Not fund it, not arm it, not train it. That goes for you too, Saudi Arabia. #GreenPartyForum"
777955785410093056,2016-09-19 19:41:27,We need to end wars and bombings that have convinced millions of Muslims that we are their enemies. #GreenPartyForum
777955549266579456,2016-09-19 19:40:31,To overcome the culture of violence we need to overcome boundaries and rehumanize ourselves to each other. #GreenPartyForum
777955081664757760,2016-09-19 19:38:39,RT @danliebs: Great meeting @DrJillStein and @ajamubaraka running for #POTUS as the Green Party nominees. Watch presidential forum tonight‚Ä¶
777954415743426560,2016-09-19 19:36:01,RT @ajamubaraka: I stand with him. https://t.co/tKPhBcvjuG
777953616069931008,2016-09-19 19:32:50,"RT @Fusion: ""The real vandalism there [North Dakota] was the desecration of the sacred sites of the indigenous ppl"" @DrJillStein https://t.‚Ä¶"
777948726291632128,2016-09-19 19:13:24,"RT @UniPolitica: ""La DEA debe usar ciencia para regular la marijuana"", dice @DrJillStein, agrega que de esa manera no ser√≠a clasificada com‚Ä¶"
777948323080572929,2016-09-19 19:11:48,"RT @ggreenwald: I wish this view, like so many others, could be heard in the upcoming debates https://t.co/gnbVLtMP9O"
777945534598217728,2016-09-19 19:00:43,We should not be in the business of mandating an official language. #GreenPartyForum
777945365995585537,2016-09-19 19:00:03,"When I debated Mitt Romney and other candidates for MA governor in 2002, people watching voted me the winner. #OpenDebates #GreenPartyForum"
777945183228862464,2016-09-19 18:59:19,The pharmaceutical industry has given $700M to politicians in recent years. Big Pharma should not buy politicians. #GreenPartyForum
777944885135454208,2016-09-19 18:58:08,The Vioxx case shows how the hierarchy in the FDA and other regulatory bodies sacrifices science for vested interests. #GreenPartyForum
777944595480973317,2016-09-19 18:56:59,"It's become clear any solution in Syria will be political, not military. #GreenPartyForum"
777943828246343681,2016-09-19 18:53:56,The oligarchs have a tight grip on power in our country. We need mass collective action to take power for the people. #GreenPartyForum
777943520623497216,2016-09-19 18:52:43,We need to end new pipeline projects and create 20M jobs with a #GreenNewDeal and 100% renewable energy. #GreenPartyForum
777943390742687744,2016-09-19 18:52:12,The Dakota Access Pipeline is a clear threat to clean water and to a livable climate. #GreenPartyForum
777943246873825280,2016-09-19 18:51:38,The real vandalism in North Dakota was the desecration of the Standing Rock Sioux sacred sites. #GreenPartyForum
777943074278285312,2016-09-19 18:50:57,"Most people have tried drugs. It's time to have an honest, grownup conversation about a humane drug policy that works. #GreenPartyForum"
777942886910271488,2016-09-19 18:50:12,Our platform calls for the release of all people convicted of nonviolent drug offenses. #GreenPartyForum
777942756341592064,2016-09-19 18:49:41,It's vitally important that our regulatory agencies are free from financial conflicts of interest so we can trust them. #GreenPartyForum
777942574761844736,2016-09-19 18:48:57,There's a lot that we can do to combat the Zika virus as a public health crisis using non-toxic means. #GreenPartyForum
777942246591074305,2016-09-19 18:47:39,I have no experience doing backroom deals and taking money from corporate lobbyists. #GreenPartyForum
777942062951903233,2016-09-19 18:46:55,One of my most important qualifications is my organizing background. #GreenPartyForum
777941687410626564,2016-09-19 18:45:26,Drone warfare in Pakistan and Yemen has been incredibly effective - at recruiting more people to Al Qaeda. #GreenPartyForum
777941546695995392,2016-09-19 18:44:52,The drone assassination program is a fabulous recruitment tool for the terrorist forces we are fighting. #GreenPartyForum
777941405687619584,2016-09-19 18:44:19,The US is the #1 arms dealer in the world. We must recognize this is fueling violence &amp; war throughout the world. #GreenPartyForum
777941131745071105,2016-09-19 18:43:13,The people support gun control. It's up to the people to put pressure on elected officials to stop blocking common sense. #GreenPartyForum
777940944653955072,2016-09-19 18:42:29,"By instructing the DEA to use science, I would effectively overturn federal laws criminalizing marijuana and hemp. #GreenPartyForum"
777940654353637376,2016-09-19 18:41:20,I would instruct the DEA to use science to determine which substances to schedule. Marijuana and hemp aren't dangerous. #GreenPartyForum
777940465857335298,2016-09-19 18:40:35,I will be at the first Presidential debate at Hofstra. We'll see if they try to arrest me this time. #OccupyTheDebates #GreenPartyForum
777940281417080832,2016-09-19 18:39:51,"Americans deserve a real debate where we can debate war, climate change &amp; other critical issues. #OpenDebates #GreenPartyForum"
777940119902748672,2016-09-19 18:39:12,There are 4 candidates on enough ballots to win the Presidency. All 4 of us should be in the debates. #GreenPartyForum
777940027179315200,2016-09-19 18:38:50,The League of Women Voters called the Commission on Presidential @debates a fraud on the American voter. #GreenPartyForum
777939916504178688,2016-09-19 18:38:24,The founders of the Commission on Presidential @debates explicitly said they wanted to exclude 3rd parties &amp; independents. #GreenPartyForum
777939767912648708,2016-09-19 18:37:48,The Commission on Presidential Debates is a private corporation run by the 2 dominant political parties. #GreenPartyForum
777939586668384257,2016-09-19 18:37:05,"There are almost no instances of people voting more than once, but countless instances of authorities stealing our votes. #GreenPartyForum"
777939406757912576,2016-09-19 18:36:22,The voting age should be lowered from 18 to 16. 16 and 17 year olds should have the right to help determine our future. #GreenPartyForum
777939124263096321,2016-09-19 18:35:15,We would reinstate the Voting Rights Act and fight voter suppression across the country. #GreenPartyForum
777938839444660224,2016-09-19 18:34:07,"As a person of privilege, it's not my place to whitewash or sanitize the language used by Black people. #GreenPartyForum"
777938527912767489,2016-09-19 18:32:53,"Clinton called Black children ""superpredators"", backed Crime Bill &amp; economic polices that devastated Black communities. #GreenPartyForum"
777938198517329920,2016-09-19 18:31:34,"Donald Trump says terrible things, but Hillary Clinton has a very concerning track record... #GreenPartyForum 1/2"
777937941767200769,2016-09-19 18:30:33,"Our economic structure leaves out millions of people, who often end up in the criminal justice system. #GreenPartyForum"
777937687906963456,2016-09-19 18:29:32,"Issues with our police departments go beyond ""a few bad apples"". We have structural problems. #GreenPartyForum"
777937513549660161,2016-09-19 18:28:51,"If 43M people in student debt vote Green, we can not only win the election but continue building power for the people. #GreenPartyForum"
777937135718371328,2016-09-19 18:27:21,We must work with grassroots groups in Israel &amp; Palestine who are working together &amp; building trust to end this conflict. #GreenPartyForum
777936929782235136,2016-09-19 18:26:32,We have Green candidates running at all levels of government. We're real people challenging the failed establishment. #GreenPartyForum
777936700899065857,2016-09-19 18:25:37,The first-past-the-post voting system where we vote out of fear is terrible for our democracy. We need #RankedChoiceVoting. #GreenPartyForum
777936084160262144,2016-09-19 18:23:10,The President can and should stop the revolving door between lobbying and government. #GreenPartyForum
777935878551330817,2016-09-19 18:22:21,We can't build a better future by being tied to a version of history that has been distorted to remove important truths. #GreenPartyForum
777935662431383553,2016-09-19 18:21:29,"Colin Kaepernick's protest is a brave act of principle. As long as there's impunity for police killings, we should protest. #GreenPartyForum"
777935330557079552,2016-09-19 18:20:10,"If we bailed out Wall Street crooks for $16T using quantitative easing, we can bail out students for $1.3T. #GreenPartyForum"
777934820961685504,2016-09-19 18:18:09,We should bail out students like we did for Wall Street. It would cost far less and actually stimulate the real economy. #GreenPartyForum
777934632519995393,2016-09-19 18:17:24,There's no more powerful stimulus for the economy than liberating an entire generation from predatory student loan debt. #GreenPartyForum
777933868061949952,2016-09-19 18:14:22,"We must end US policies that are causing mass refugee migrations, in Latin America, the Mideast &amp; elsewhere. #GreenPartyForum"
777933469141741569,2016-09-19 18:12:47,Unlike Clinton I wouldn't have supported the coup in Honduras or other US policies that have destabilized Latin America. #GreenPartyForum
777933326573117440,2016-09-19 18:12:13,"Politicians want us to be good little boys &amp; girls &amp; vote for ""lesser evil"" but we're done with this rigged game. #GreenPartyForum"
777933168473014272,2016-09-19 18:11:35,"Politicians aren't entitled to our votes, they have to earn votes. Clinton/Trump are least popular/trusted candidates ever. #GreenPartyForum"
777932928168828936,2016-09-19 18:10:38,"Senator Sanders himself said that his support was about a movement, not a man. #GreenPartyForum"
777932718197788673,2016-09-19 18:09:47,"Wars and support for occupations in the Mideast is causing blowback around the world, and is reaching the US as well. #GreenPartyForum"
777932680105254912,2016-09-19 18:09:38,"RT @GreenPartyUS: ""We have to deescalate the situations in the Middle East, not create more war"" -@ajamubaraka #GreenPartyForum"
777932510810427393,2016-09-19 18:08:58,"We must curb a growing culture of violence, whether from troubled individuals or people identifying with larger causes. #GreenPartyForum"
777932219046203393,2016-09-19 18:07:48,Donald Trump's rise demonstrates the sickness of our democracy. He appeals to the dark forces in our society. #GreenPartyForum
777932048086347776,2016-09-19 18:07:08,Clinton led us into disastrous wars in Iraq &amp; Libya &amp; backed a military coup in Honduras. Her foreign policy is disastrous. #GreenPartyForum
777931792749776898,2016-09-19 18:06:07,"Clinton has delivered for Wall Street banks and war profiteers, not women and regular people. She doesn't #WalkTheWalk. #GreenPartyForum"
777931576411693056,2016-09-19 18:05:15,Hillary Clinton's track record doesn't match with her progressive rhetoric at all. #GreenPartyForum
777930330036547584,2016-09-19 18:00:18,RT @Fusion: LIVE on #Periscope: Fusion‚Äôs #GreenPartyForum with @DrJillStein and @ajamubaraka https://t.co/7OFjFsr3pu
777915545375170561,2016-09-19 17:01:33,Am I a spoiler? Only for disliked candidates who serve the wealthy. #OpenDebates #BreakThe2PartyTrap https://t.co/FREiZ8vakP
777911055045582848,2016-09-19 16:43:43,RT @ajamubaraka: Democracy 101: the people have a say in how to use their land. Investment or divestment is the people's choice! #NoDAPL #K‚Ä¶
777909394046672896,2016-09-19 16:37:07,Pls RT: The Stein/Baraka campaign is important enough to appear in the Election 2016 @TwitterMoments because we're on enough ballots to win.
777896335131418625,2016-09-19 15:45:13,We will not be able to ensure a secure future for our children if we don't #KeepItInTheGround. #NoDAPL https://t.co/gEaJHgWKc7
777888903844007936,2016-09-19 15:15:41,"We've gotten 100,000 signatures! Add your name to this petition to let the elites know you demand #OpenDebates. https://t.co/8c8BBszbv8"
777885301561712640,2016-09-19 15:01:22,RT @0rf: @DrJillStein Send him this! https://t.co/OrwpQp63Vw @Miller_Center #OpenDebates
777880775903641600,2016-09-19 14:43:23,We salute everyone taking action to stop the Dakota Access pipeline. #HonorTheTreaties #NoDAPL https://t.co/eCzF6MgNDB
777879498930913280,2016-09-19 14:38:19,Ask journalist Jim Lehrer to do a public vote to #OpenDebates. Call: 434.924.7236. Tweet: @Miller_Center https://t.co/zICgYPCApU
777714957811089412,2016-09-19 03:44:29,"RT @ajamubaraka: We want to address education system, unemployment, structural racism, environmental injustice--not our cholesterol levels.‚Ä¶"
777693964468047872,2016-09-19 02:21:04,20 billionaires own more wealth than the bottom 152 million Americans - half of our population. We need an economy that works for all of us.
777685266056085505,2016-09-19 01:46:30,RT @AlaaBasatneh: Tweet out your questions for the #GreenPartyForum https://t.co/DLRQpxbSjB
777677808801685506,2016-09-19 01:16:52,"The War on Drugs has cost the US over $1T and failed. Imagine if we spent that much eliminating poverty, homelessness, and creating jobs?"
777668486113832960,2016-09-19 00:39:50,"There are 750K Americans who are homeless on any given night, with 1 in 5 of them considered chronically homeless. We need to end this now."
777653158491201536,2016-09-18 23:38:55,The #TPP is nothing short of a disaster for workers and the environment. RT if you'd like @BarackObama to stop forcing it through congress.
777645664717058048,2016-09-18 23:09:09,RT @GreenPartyUS: Watch @DrJillStein @ajamubaraka LIVE on @Fusion on Facebook Mon 9/19 2-3pm ET &amp; on Fusion TV 9-10pm ET. #SteinBaraka http‚Ä¶
777636972953165826,2016-09-18 22:34:36,"""Neither of these (D + R) parties will ever represent the people in this country demanding (change)"" -@BernieSanders https://t.co/7ErsoddXou"
777626712016248832,2016-09-18 21:53:50,"RT @JASONLYRIC: If you want America to change for the better, you only have one choice and that's @DrJillStein"
777621445857992705,2016-09-18 21:32:54,"Fox News spread wrong poll numbers yesterday. Here's the actual QU poll of voters 18-34, @FoxNews. #FactCheck https://t.co/s1uX8ThbJf"
777608160785858560,2016-09-18 20:40:07,Do Libertarians like @GovGaryJohnson support your liberty to hear from candidates on your ballot? Will he sign our letter for #OpenDebates?
777603119190511617,2016-09-18 20:20:05,The #debates commission and the polls they use are both controlled by the political establishment. Don't trust them. https://t.co/Jg9WKuqD6y
777598129508081664,2016-09-18 20:00:15,"Join me and @ajamubaraka for a @Fusion town hall Monday 9/19, livestreamed at 2pm ET &amp; on air at 9pm ET! https://t.co/2NhAEhamL4"
777594320866140160,2016-09-18 19:45:07,"2/2 ""...violence begets the very thing it seeks to destroy. Instead of diminishing evil, it multiplies it.‚Äù -MLK"
777594319117152256,2016-09-18 19:45:07,"1/2 We must embrace the wisdom of Martin Luther King Jr., who said: ‚ÄúThe ultimate weakness of violence is that it is a descending spiral..."""
777590563075940353,2016-09-18 19:30:11,We must commit ourselves to building a world that respects and values all individuals and all cultures. We must reject the use of violence.
777586093227118592,2016-09-18 19:12:26,The explosions in NY and NJ and the attacks in MN are a heartbreaking reminder of the violence that permeates our daily lives.
777580210468323328,2016-09-18 18:49:03,Sending my heartfelt concern and wishes for a quick and full recovery to those injured in the recent attacks. üò¢
777570245527560192,2016-09-18 18:09:27,We've extended an invitation to @GovGaryJohnson to sign our letter for #OpenDebates. Will you prod him? @BRICTV https://t.co/9yH73vmLd6
777554780260630528,2016-09-18 17:08:00,"We've gotten 100,000. Let's double it. Add your name to this petition for #OpenDebates. https://t.co/8c8BBszbv8"
777538003547947008,2016-09-18 16:01:20,https://t.co/4Zsc65b9Uq
777530189794381824,2016-09-18 15:30:17,We're hiring! A deadline is coming up tonight: https://t.co/vIplZQDfHZ
777522805726478336,2016-09-18 15:00:57,"RT if you agree that higher education is a right, not a privilege. The #PowerToThePeoplePlan cancels student debt: https://t.co/ZzlV2eplcW"
777515139629191168,2016-09-18 14:30:29,"Email CPD board member Antonia Hernandez at ahernandez@calfund.org or call 213.413.4130, x236. Ask for #OpenDebates! https://t.co/AuiaSKdgm7"
777507572710567936,2016-09-18 14:00:25,I‚Äôm for paid family leave + against the TPP. That‚Äôs just a few points from the #PowerToThePeoplePlan. https://t.co/8KiNtbhSoH
777506487484686336,2016-09-18 13:56:06,I'm proud to stand with @HarrisForBmore. We need more courageous leaders like him in Baltimore and elsewhere. https://t.co/EiqsnxaOI9
777500034879328256,2016-09-18 13:30:28,Tell me: What would be possible if your student loan debt was canceled today? #StudentLoanGoals
777492595408773122,2016-09-18 13:00:54,Ask the president of @NotreDame to #OpenDebates! Email: president@nd.edu or call 574.631.3903 or 574.631.9164. https://t.co/SMURGzXM9i
777382516944543744,2016-09-18 05:43:29,A very belated congratulations to @CarolineLucas &amp; @jon_bartley on being elected co-leaders of @TheGreenParty of England/Wales! #WeAreGreen
777374112901541889,2016-09-18 05:10:06,"When your friends say they won't vote, ask how much student debt they have. There's only one candidate who will cancel that student debt."
777307337392611328,2016-09-18 00:44:45,RT @GreenPartyUS: How on earth is pushing the widely hated corporate #TPP with the GOP helping workers or remotely progressive @POTUS? http‚Ä¶
777305692017299456,2016-09-18 00:38:13,"Media calls Greens ""spoilers"". But we didn't spoil the system. We're people who get involved for the greater good. https://t.co/YU266uqOKI"
777298825128075264,2016-09-18 00:10:56,.@OccupyWallStNYC demanded justice + power for the 99%. The Green Party keeps it going at the ballot box. Vote for a #GreenNewDeal. #S17
777298549239275520,2016-09-18 00:09:50,We're building a national party for the 99%. That's why the Wall Street-funded establishment is spending millions to fight us. #S17
777285270982963200,2016-09-17 23:17:04,"If the @debates are truly a non-partisan organization serving the public, then the board should take a public roll-call vote on #OpenDebates"
777281859621298176,2016-09-17 23:03:31,Inequality in the US is greater than any in human history. It's time we start talking about the solution of #EconomicDemocracy. #S17
777270843852238849,2016-09-17 22:19:44,We can un-rig the economy. We can protect humanity from climate meltdown. All we need is the political will for a #GreenNewDeal. üåç
777266994320060416,2016-09-17 22:04:27,RT @ajamubaraka: A vote for Trump is a vote for Trump; A vote for Clinton is a vote for Clinton. Fear should never replace democracy. #Stei‚Ä¶
777261216523616256,2016-09-17 21:41:29,"RT @ajamubaraka: A democracy is when you vote for what you believe in, not against what you abhor. #OpenTheDebates so we can begin to deman‚Ä¶"
777251519825448960,2016-09-17 21:02:57,"It's the height of privilege to win a primary rigged by your elite cronies, then act entitled to the votes of people you cheated. #DNCleak"
777243238495162368,2016-09-17 20:30:03,"Bush-Obama Mideast policy created failed states, mass refugees &amp; worse terrorist threats. We need a #PeaceOffensive! https://t.co/NFA2qtz498"
777235487475937280,2016-09-17 19:59:15,RT @EricHerbst: Have questions for @DrJillStein and @ajamubaraka? Join them and @Fusion for the #GreenPartyForum Monday at 2 PM ET üåé https:‚Ä¶
777227516893245440,2016-09-17 19:27:34,RT @EugeneDaniels2: .@DrJillStein is channeling FDR in her plans for a Green New Deal. https://t.co/LawsNdNaE4
777215534052040705,2016-09-17 18:39:57,RT @gpny: Progressive voters disgusted w/ @HillaryClinton stay home or vote for @DrJillStein. In neither case is it a vote for @realDonaldT‚Ä¶
777214989459259392,2016-09-17 18:37:48,"Question for @algore: if every vote counts, why didn't you fight for the people whose votes were suppressed in 2000? https://t.co/lfZri9Bi4V"
777209282257453058,2016-09-17 18:15:07,The Occupy movement demanded justice + power for the 99%. The Green Party keeps it going at the ballot box. Vote for a #GreenNewDeal. #S17
777205708337057792,2016-09-17 18:00:55,Get me onto @TheDailyShow w/ @Trevornoah to set the record straight. Almost 20k signatures: https://t.co/9tJGzcb8Yh https://t.co/bKZsLu3GlH
777201728039026688,2016-09-17 17:45:06,"The #PowerToThePeoplePlan will create 20M living-wage jobs and get the U.S. off fossil fuels for a just, compassionate society. #S17"
777200640749604866,2016-09-17 17:40:47,"RT @MissHot: And, in case there's any doubt, that candidate is @DrJillStein. https://t.co/ODKq9givU8"
777198055124791296,2016-09-17 17:30:30,".@ajamubaraka + I will #OccupyTheDebates at Hofstra U., demanding #OpenDebates. Join us. https://t.co/x09Ec1rYUS https://t.co/Lby4ef8nvJ"
777194185942335488,2016-09-17 17:15:08,"Gore lost his home state + 300k Dems in Florida voted for Bush. No one can ""spoil"" a weak candidacy, @tomamoran. https://t.co/uMvtz1zZqw"
777190870621773826,2016-09-17 17:01:57,"We've gotten 100,000 signatures. Add your name to this petition for #OpenDebates. https://t.co/8c8BBszbv8 https://t.co/D57XLz7q6j"
777186569002311680,2016-09-17 16:44:52,RT @AaronHyndman: She's here!!! @DrJillStein takes the stage at the March for #EJinNJ in Red Bank! https://t.co/6CZf7P2CNf
777185903643090945,2016-09-17 16:42:13,Democracy demands hearing from more than the establishment picks. #OpenDebates https://t.co/nNnfjSHoio https://t.co/yFmPahenbq
777182967873634309,2016-09-17 16:30:33,Let's provide grants and low-interest loans to local green businesses + coops to keep wealth circulating in the community. #S17
777175561139609600,2016-09-17 16:01:07,Ask me and @ajamubaraka questions through Facebook during our @Fusion Forum Monday w/ @jorgeramosnews. https://t.co/TJw7BuOeSZ
777171534804819969,2016-09-17 15:45:07,Our campaign is hiring! Deadlines are coming up: https://t.co/vIplZQDfHZ
777168072805408768,2016-09-17 15:31:22,"Call debates commission member Jane Harman, president of @TheWilsonCenter, at 202.691.4202. Ask for #OpenDebates! https://t.co/9WptfRJ3Db"
777160312910905344,2016-09-17 15:00:32,"For #S17, tweet at me w/1-minute #StudentLoanGoals videos about what you could do if we cancelled student debt!"
777156458731474944,2016-09-17 14:45:13,"Today, we are raising $1M to #OccupyTheDebates. Help us blast through establishment ceiling: https://t.co/CFiq3pYMFZ https://t.co/e1pxFC2MTT"
777153767095566336,2016-09-17 14:34:31,RT @GreenPartyUS: Sweet and simple. #VoteGreen2016 #SteinBaraka #WeAreGreen #ItsInOurHands https://t.co/f0JTO7yMHI
777152765109862400,2016-09-17 14:30:32,"The #PowerToThePeoplePlan supports workers to form unions, achieve workplace democracy + keep a fair share of the wealth they create. #OWS"
777144876785950721,2016-09-17 13:59:11,"Five years since a group who stood for the 99% occupied the source of the 1% on #S17. Happy birthday, @OccupyWallSt. https://t.co/AZRDD1FTvI"
777137647345082368,2016-09-17 13:30:28,"Al Gore lost his home state and 300,000 Dems in Florida voted for Bush. Spoilers don't exist. Weak candidates do. #BreakThe2PartyTrap"
777130331166150657,2016-09-17 13:01:23,"Unfortunately, we can't find a photo of debates commission member John Griffen. Maybe you can! #OpenDebates https://t.co/nEClvgQj5o"
776991553097125888,2016-09-17 03:49:56,It's time to #OccupyTheDebates. Are you in? Sign up to join us on September 26th in NY: https://t.co/x09Ec1anwi https://t.co/MdABZGembi
776988514860670976,2016-09-17 03:37:52,Alabama declares state of emergency over fuel shortage from pipeline spill but not environmental damage? #Priorities https://t.co/AFcA0VnLPw
776981855539040256,2016-09-17 03:11:24,"58% of Americans support a single payer health care system. In 2008, 60% opposed bailing out big banks. Retweet if you're ready to be heard."
776953992584626176,2016-09-17 01:20:41,"RT @MnGreens: Congressman Nolan (D) discusses how a ""fair number"" in his district are voting @DrJillStein: https://t.co/oxWn1kCW7k https://‚Ä¶"
776947498782863360,2016-09-17 00:54:53,"My VP running mate @ajamubaraka has taken the stage in Baltimore, watch live now! https://t.co/NmgyTXFlrM"
776943525451575296,2016-09-17 00:39:06,I'm live in Baltimore with @ajamubaraka &amp; local Greens! Up next: @HarrisForBmore. Watch at https://t.co/NmgyTXFlrM https://t.co/h3oqzZbbSw
776933955119386628,2016-09-17 00:01:04,RT @samswey: Here's how candidates plan to address police violence. https://t.co/gQnGZnFRoe https://t.co/sveM9Frf6g
776930649684836352,2016-09-16 23:47:56,Thanks for calling us out. It‚Äôs important not to erase the history of black slaves &amp; others forced to migrate to US. https://t.co/hielHkF2IG
776917968370282496,2016-09-16 22:57:32,"Except Native Americans &amp; those who were forced here, we are all immigrants. Justice demands a welcoming path to citizenship for immigrants."
776911472131645440,2016-09-16 22:31:43,"The more HRC's Super PACs spend trying to bully people into failed 2-party system, the more it'll strengthen our will to #BreakThe2PartyTrap"
776906975267303424,2016-09-16 22:13:51,Over half your income taxes go to military spending &amp; war. Cut that by 50% &amp; we can pay for healthcare &amp; higher education as human rights.
776896598546616320,2016-09-16 21:32:37,#NationalGuacamoleDay just goes to show that some of the best things in life are green.
776888304469811200,2016-09-16 20:59:40,"RT @ThisIsAmerica: Send @jorgeramosnews and @aliciamenendez YOUR questions for the @Fusion 
#GreenPartyForum https://t.co/6i83EGGWFa"
776881518383726592,2016-09-16 20:32:42,Corporate political &amp; media establishment is trying to manufacture consent for the least liked/trusted candidates ever. Stand up &amp; say no!
776871780157788160,2016-09-16 19:54:00,Black voters are 900% more likely to have their votes not be counted than white voters. #NewJimCrow https://t.co/PxwikaXXqG
776853645593677824,2016-09-16 18:41:57,Military spending costs US $600 billion annually. The cost to end world hunger? $30 billion. Let's win some hearts and minds. #Priorities
776845758041509889,2016-09-16 18:10:36,Dem elites rigged primary for candidate polling worse against Trump; now looking for scapegoats if HRC loses. Will DNC take responsibility?
776845535328206852,2016-09-16 18:09:43,"RT @GreenPartyUS: Don't let #SinglePayer get censored at the pres. debates
Demand admission for Jill Stein
https://t.co/4caIXzJRi0 #OpenDeb‚Ä¶"
776839342027190272,2016-09-16 17:45:06,"I would not only pardon @xychelsea, @snowden + @johnkiriakou ‚Äî I'd ask them to join my administration once elected. https://t.co/12Nq8gvF8L"
776831826967031808,2016-09-16 17:15:15,Efforts to discredit me are a naked attempt to circumvent the will of the people + keep controlling the system. #BreakThe2PartyTrap
776829334707404800,2016-09-16 17:05:20,RT @mdgreens: Today's Green Party Rally with @DrJillStein &amp; @ajamubaraka is going to be litüî•#FridayFeeling üíØ Hope to see you all there! @ba‚Ä¶
776824284991873028,2016-09-16 16:45:16,"A Quinnipiac poll finds most Clinton supporters are protesting Trump, and vice versa. Let's vote FOR something. https://t.co/HGStRDUdQD"
776816705691582464,2016-09-16 16:15:09,Other sectors know we must change our approach to address the needs of dissatisfied people. Why don't establishment politicians do that?
776813914340327424,2016-09-16 16:04:04,"RT @HarrisForBmore: #Baltimore Friday, be there. @ Baltimore, Maryland https://t.co/Uuw7P1vZ7w"
776807913742540800,2016-09-16 15:40:13,We're raising $1M to make 1M calls to help us #OccupyTheDebates. Contribute to our #Moneybloom! https://t.co/CFiq3pYMFZ
776807904599048196,2016-09-16 15:40:11,Young people who have stepped into a lagging job market need a #GreenNewDeal that creates 20M living-wage jobs + gets us off fossil fuels.
776802864517804032,2016-09-16 15:20:09,"Here's what the elites don't understand: You cannot throw money at a dissatisfied people, who are ready for a movement. #BreakThe2PartyTrap"
776801386214330368,2016-09-16 15:14:17,RT @StephHerron: @DrJillStein is in #Delaware! https://t.co/fjvMZRmrff
776796844626153472,2016-09-16 14:56:14,No one can spoil an election if candidates don't earn the trust and votes of Americans. #BreakThe2PartyTrap https://t.co/4U9MFFCniJ
776792792865669120,2016-09-16 14:40:08,Did you know we're hiring? Deadlines are approaching: https://t.co/vIplZQDfHZ
776782034874298368,2016-09-16 13:57:23,Want true democracy? Add your name to this petition for #OpenDebates. https://t.co/8c8BBszbv8
776768172624121856,2016-09-16 13:02:18,Ask former President Jimmy Carter and current CPD honorary co-chairman to #OpenDebates! Call 404.420.5100. https://t.co/FTpEeKoXMr
776749392543879168,2016-09-16 11:47:41,First they ignore you. Then they laugh at you. Then they fight you. Then you win. https://t.co/PSZ8rygwbo
776624729843044353,2016-09-16 03:32:19,Check out my responses to #CampaignZero on how to eliminate police violence: https://t.co/eiCtFje13K https://t.co/WrMfB9cRs5
776598660905742336,2016-09-16 01:48:43,We need to release nonviolent drug offenders from prison and remove such offenses from their record so they're not locked out of society.
776591271787769860,2016-09-16 01:19:22,"RT @ajamubaraka: Baltimore proves how important it is to #OpenTheDebates from homelessness &amp; backward policies to police corruption, the PE‚Ä¶"
776585294166433792,2016-09-16 00:55:37,Trump wants to ban Muslims from the U.S. while Hillary has been very busy bombing Muslims in other countries. These are appalling options.
776541059530756098,2016-09-15 21:59:50,With #MedicareForAll we'd spend less money on healthcare and get better health results. It's a win-win (except for insurance CEOs).
776531424463552513,2016-09-15 21:21:33,"76% of US want #OpenDebates, yet the DNC &amp; RNC try to silence our voices. Don't let them: https://t.co/nEstdeEayX https://t.co/ia4IRlmGHH"
776525895821434880,2016-09-15 20:59:35,Many countries are moving to free higher education. Why is it getting more unaffordable in the world's richest country? #EndStudentDebt
776517874613522432,2016-09-15 20:27:42,Solid. https://t.co/MjdCQitrhq
776509128139124736,2016-09-15 19:52:57,"Let's end the racist war on drugs, release all non-violent drug offenders &amp; wipe such charges from the record. https://t.co/SzgyibBkIj"
776500859014221824,2016-09-15 19:20:06,RT @GreenPartyUS: Help us continue our efforts to #OpenTheDebates! Let @DrJillStein #Debate! Please donate https://t.co/tekwgh6MxM TY! http‚Ä¶
776498504608813056,2016-09-15 19:10:44,RT @JohnStossel: https://t.co/THQov3s94l
776483199736250372,2016-09-15 18:09:55,My op-ed for @thehill on the #NoDaPL movement on the frontlines of the climate emergency: https://t.co/z3nbQzTJAy https://t.co/4b6BCSjHAT
776479214220476416,2016-09-15 17:54:05,RT @BaltCoGreens: 13 Local Green Party candidates #ItsInOurHands #VoteGreen https://t.co/cZBrpjsnVx
776473242810851329,2016-09-15 17:30:21,".@YahooNews wrote a piece about my journey as an activist, working for the greater good. https://t.co/gj0pohq27g https://t.co/4THam2ZeZ2"
776468863030550528,2016-09-15 17:12:57,RT @kwamerose: .@DrCornelWest on why Black people should vote for @DrJillStein and the Green Party. https://t.co/PkudS5NjmD
776468780444741632,2016-09-15 17:12:38,"RT @GreenPartyUS: ""It's a 2-party system. You have 2 choices.""
That's 1 step removed from ""You have 1 choice"" in totalitarian 1-party count‚Ä¶"
